animation,filename,path,canvasWidth,canvasHeight,alphaPresent,alphaBoundingBox,visibleWidth,visibleHeight,visibleCenterX,visibleCenterY,bottomVisiblePoint,leftVisiblePoint,rightVisiblePoint,topVisiblePoint
idle,idle_01.png,thukuna/idle/idle_01.png,1254,1254,True,"[33, 21, 1199, 1230]",1166,1209,615.5,625.0,1229,33,1198,21
idle,idle_02.png,thukuna/idle/idle_02.png,1254,1254,True,"[41, 21, 1199, 1230]",1158,1209,619.5,625.0,1229,41,1198,21
idle,blink_01.png,thukuna/idle/blink_01.png,1254,1254,True,"[33, 21, 1199, 1230]",1166,1209,615.5,625.0,1229,33,1198,21
idle,blink_02.png,thukuna/idle/blink_02.png,1254,1254,True,"[33, 21, 1199, 1230]",1166,1209,615.5,625.0,1229,33,1198,21
crawl,crawl_01.png,thukuna/crawl/crawl_01.png,1254,1254,True,"[228, 21, 1142, 1212]",914,1191,684.5,616.0,1211,228,1141,21
crawl,crawl_02.png,thukuna/crawl/crawl_02.png,1254,1254,True,"[219, 62, 1112, 1204]",893,1142,665.0,632.5,1203,219,1111,62
crawl,crawl_03.png,thukuna/crawl/crawl_03.png,1254,1254,True,"[228, 61, 1120, 1203]",892,1142,673.5,631.5,1202,228,1119,61
crawl,crawl_04.png,thukuna/crawl/crawl_04.png,1254,1254,True,"[191, 63, 1090, 1232]",899,1169,640.0,647.0,1231,191,1089,63
crawl,crawl_05.png,thukuna/crawl/crawl_05.png,1254,1254,True,"[69, 17, 1206, 1254]",1137,1237,637.0,635.0,1253,69,1205,17
crawl,crawl_06.png,thukuna/crawl/crawl_06.png,1254,1254,True,"[191, 77, 1070, 1204]",879,1127,630.0,640.0,1203,191,1069,77
crawl,crawl_07.png,thukuna/crawl/crawl_07.png,1254,1254,True,"[239, 65, 1089, 1201]",850,1136,663.5,632.5,1200,239,1088,65
crawl,crawl_08.png,thukuna/crawl/crawl_08.png,1254,1254,True,"[170, 52, 1067, 1226]",897,1174,618.0,638.5,1225,170,1066,52
sprint,sprint_01.png,thukuna/sprint/sprint_01.png,1254,1254,True,"[122, 30, 1119, 1226]",997,1196,620.0,627.5,1225,122,1118,30
sprint,sprint_02.png,thukuna/sprint/sprint_02.png,1254,1254,True,"[226, 53, 1119, 1226]",893,1173,672.0,639.0,1225,226,1118,53
sprint,sprint_03.png,thukuna/sprint/sprint_03.png,1254,1254,True,"[86, 53, 1193, 1193]",1107,1140,639.0,622.5,1192,86,1192,53
sprint,sprint_04.png,thukuna/sprint/sprint_04.png,1254,1254,True,"[250, 59, 1032, 1170]",782,1111,640.5,614.0,1169,250,1031,59
sprint,sprint_05.png,thukuna/sprint/sprint_05.png,1254,1254,True,"[81, 59, 1178, 1212]",1097,1153,629.0,635.0,1211,81,1177,59
sprint,sprint_06.png,thukuna/sprint/sprint_06.png,1254,1254,True,"[159, 49, 1059, 1184]",900,1135,608.5,616.0,1183,159,1058,49
jump,jump_01.png,thukuna/jump/jump_01.png,1254,1254,True,"[194, 92, 1064, 1189]",870,1097,628.5,640.0,1188,194,1063,92
jump,jump_02.png,thukuna/jump/jump_02.png,1254,1254,True,"[158, 129, 1099, 1134]",941,1005,628.0,631.0,1133,158,1098,129
jump,jump_03.png,thukuna/jump/jump_03.png,1254,1254,True,"[207, 49, 1061, 1156]",854,1107,633.5,602.0,1155,207,1060,49
jump,jump_04.png,thukuna/jump/jump_04.png,1254,1254,True,"[209, 19, 1073, 1194]",864,1175,640.5,606.0,1193,209,1072,19
jump,jump_05.png,thukuna/jump/jump_05.png,1254,1254,True,"[188, 63, 1101, 1100]",913,1037,644.0,581.0,1099,188,1100,63
jump,jump_06.png,thukuna/jump/jump_06.png,1254,1254,True,"[217, 47, 1047, 1117]",830,1070,631.5,581.5,1116,217,1046,47
jump,jump_07.png,thukuna/jump/jump_07.png,1254,1254,True,"[127, 61, 1146, 1212]",1019,1151,636.0,636.0,1211,127,1145,61
jump,jump_08.png,thukuna/jump/jump_08.png,1254,1254,True,"[159, 11, 1093, 1177]",934,1166,625.5,593.5,1176,159,1092,11
jump,jump_09.png,thukuna/jump/jump_09.png,1254,1254,True,"[29, 77, 1223, 1209]",1194,1132,625.5,642.5,1208,29,1222,77
jump,jump_10.png,thukuna/jump/jump_10.png,1254,1254,True,"[33, 21, 1199, 1230]",1166,1209,615.5,625.0,1229,33,1198,21
hop,hop_01.png,thukuna/hop/hop_01.png,1254,1254,True,"[233, 76, 1041, 1183]",808,1107,636.5,629.0,1182,233,1040,76
hop,hop_02.png,thukuna/hop/hop_02.png,1254,1254,True,"[274, 60, 1055, 1154]",781,1094,664.0,606.5,1153,274,1054,60
hop,hop_03.png,thukuna/hop/hop_03.png,1254,1254,True,"[232, 50, 1035, 1139]",803,1089,633.0,594.0,1138,232,1034,50
hop,hop_04.png,thukuna/hop/hop_04.png,1254,1254,True,"[235, 65, 1048, 1131]",813,1066,641.0,597.5,1130,235,1047,65
hop,hop_05.png,thukuna/hop/hop_05.png,1254,1254,True,"[254, 54, 1029, 1112]",775,1058,641.0,582.5,1111,254,1028,54
hop,hop_06.png,thukuna/hop/hop_06.png,1254,1254,True,"[214, 74, 1073, 1099]",859,1025,643.0,586.0,1098,214,1072,74
hop,hop_07.png,thukuna/hop/hop_07.png,1254,1254,True,"[124, 61, 1138, 1185]",1014,1124,630.5,622.5,1184,124,1137,61
hop,hop_08.png,thukuna/hop/hop_08.png,1254,1254,True,"[186, 68, 1079, 1182]",893,1114,632.0,624.5,1181,186,1078,68
hop,hop_09.png,thukuna/hop/hop_09.png,1254,1254,True,"[147, 64, 1110, 1156]",963,1092,628.0,609.5,1155,147,1109,64
hop,hop_10.png,thukuna/hop/hop_10.png,1254,1254,True,"[33, 21, 1199, 1230]",1166,1209,615.5,625.0,1229,33,1198,21
fall,fall_01.png,thukuna/fall/fall_01.png,1254,1254,True,"[162, 47, 1089, 1155]",927,1108,625.0,600.5,1154,162,1088,47
fall,fall_02.png,thukuna/fall/fall_02.png,1254,1254,True,"[71, 25, 1173, 1203]",1102,1178,621.5,613.5,1202,71,1172,25
fall,fall_03.png,thukuna/fall/fall_03.png,1254,1254,True,"[212, 64, 1024, 1148]",812,1084,617.5,605.5,1147,212,1023,64
fall,fall_04.png,thukuna/fall/fall_04.png,1254,1254,True,"[170, 62, 1124, 1188]",954,1126,646.5,624.5,1187,170,1123,62
fall,fall_05.png,thukuna/fall/fall_05.png,1254,1254,True,"[124, 33, 1132, 1193]",1008,1160,627.5,612.5,1192,124,1131,33
fall,fall_06.png,thukuna/fall/fall_06.png,1254,1254,True,"[33, 21, 1199, 1230]",1166,1209,615.5,625.0,1229,33,1198,21
climb,climb_01.png,thukuna/climb/climb_01.png,1254,1254,True,"[134, 22, 1091, 1230]",957,1208,612.0,625.5,1229,134,1090,22
climb,climb_02.png,thukuna/climb/climb_02.png,1254,1254,True,"[204, 18, 1032, 1198]",828,1180,617.5,607.5,1197,204,1031,18
climb,climb_03.png,thukuna/climb/climb_03.png,1254,1254,True,"[212, 12, 1046, 1228]",834,1216,628.5,619.5,1227,212,1045,12
climb,climb_04.png,thukuna/climb/climb_04.png,1254,1254,True,"[203, 8, 1084, 1243]",881,1235,643.0,625.0,1242,203,1083,8
climb,climb_05.png,thukuna/climb/climb_05.png,1254,1254,True,"[185, 17, 1001, 1114]",816,1097,592.5,565.0,1113,185,1000,17
climb,climb_06.png,thukuna/climb/climb_06.png,1254,1254,True,"[202, 32, 1043, 1231]",841,1199,622.0,631.0,1230,202,1042,32
climb,climb_07.png,thukuna/climb/climb_07.png,1254,1254,True,"[204, 19, 1015, 1158]",811,1139,609.0,588.0,1157,204,1014,19
climb,climb_08.png,thukuna/climb/climb_08.png,1254,1254,True,"[177, 30, 1023, 1247]",846,1217,599.5,638.0,1246,177,1022,30
climb,climb_09.png,thukuna/climb/climb_09.png,1254,1254,True,"[194, 60, 1075, 1102]",881,1042,634.0,580.5,1101,194,1074,60
climb,climb_10.png,thukuna/climb/climb_10.png,1254,1254,True,"[243, 25, 1008, 1194]",765,1169,625.0,609.0,1193,243,1007,25
perch,perch_01.png,thukuna/perch/perch_01.png,1254,1254,True,"[237, 57, 1068, 1215]",831,1158,652.0,635.5,1214,237,1067,57
perch,perch_02.png,thukuna/perch/perch_02.png,1254,1254,True,"[255, 21, 1050, 1199]",795,1178,652.0,609.5,1198,255,1049,21
perch,perch_03.png,thukuna/perch/perch_03.png,1254,1254,True,"[228, 14, 1029, 1224]",801,1210,628.0,618.5,1223,228,1028,14
perch,perch_04.png,thukuna/perch/perch_04.png,1254,1254,True,"[282, 11, 1042, 1238]",760,1227,661.5,624.0,1237,282,1041,11
perch,perch_05.png,thukuna/perch/perch_05.png,1254,1254,True,"[262, 8, 1018, 1235]",756,1227,639.5,621.0,1234,262,1017,8
perch,perch_06.png,thukuna/perch/perch_06.png,1254,1254,True,"[216, 22, 1054, 1218]",838,1196,634.5,619.5,1217,216,1053,22
sleep,sleep_01.png,thukuna/sleep/sleep_01.png,1254,1254,True,"[159, 42, 1058, 1190]",899,1148,608.0,615.5,1189,159,1057,42
sleep,sleep_02.png,thukuna/sleep/sleep_02.png,1254,1254,True,"[141, 36, 1076, 1215]",935,1179,608.0,625.0,1214,141,1075,36
sleep,sleep_03.png,thukuna/sleep/sleep_03.png,1254,1254,True,"[44, 118, 1207, 1070]",1163,952,625.0,593.5,1069,44,1206,118
sleep,sleep_04.png,thukuna/sleep/sleep_04.png,1254,1254,True,"[11, 140, 1226, 1094]",1215,954,618.0,616.5,1093,11,1225,140
sleep,sleep_05.png,thukuna/sleep/sleep_05.png,1254,1254,True,"[12, 119, 1227, 1094]",1215,975,619.0,606.0,1093,12,1226,119
sleep,sleep_06.png,thukuna/sleep/sleep_06.png,1254,1254,True,"[13, 122, 1226, 1127]",1213,1005,619.0,624.0,1126,13,1225,122
sleep,sleep_07.png,thukuna/sleep/sleep_07.png,1254,1254,True,"[83, 42, 1108, 1213]",1025,1171,595.0,627.0,1212,83,1107,42
sleep,sleep_08.png,thukuna/sleep/sleep_08.png,1254,1254,True,"[33, 21, 1199, 1230]",1166,1209,615.5,625.0,1229,33,1198,21
watch,watch_01.png,thukuna/watch/watch_01.png,1254,1254,True,"[33, 21, 1199, 1230]",1166,1209,615.5,625.0,1229,33,1198,21
watch,watch_02.png,thukuna/watch/watch_02.png,1254,1254,True,"[177, 64, 1044, 1146]",867,1082,610.0,604.5,1145,177,1043,64
watch,watch_03.png,thukuna/watch/watch_03.png,1254,1254,True,"[178, 54, 1058, 1148]",880,1094,617.5,600.5,1147,178,1057,54
watch,watch_04.png,thukuna/watch/watch_04.png,1254,1254,True,"[179, 50, 1103, 1149]",924,1099,640.5,599.0,1148,179,1102,50
laugh,laugh_01.png,thukuna/laugh/laugh_01.png,1254,1254,True,"[143, 20, 1113, 1221]",970,1201,627.5,620.0,1220,143,1112,20
laugh,laugh_02.png,thukuna/laugh/laugh_02.png,1254,1254,True,"[137, 17, 1119, 1218]",982,1201,627.5,617.0,1217,137,1118,17
laugh,laugh_03.png,thukuna/laugh/laugh_03.png,1254,1254,True,"[81, 6, 1218, 1176]",1137,1170,649.0,590.5,1175,81,1217,6
angry,angry_01.png,thukuna/angry/angry_01.png,1254,1254,True,"[231, 46, 1047, 1176]",816,1130,638.5,610.5,1175,231,1046,46
angry,angry_02.png,thukuna/angry/angry_02.png,1254,1254,True,"[220, 100, 1057, 1177]",837,1077,638.0,638.0,1176,220,1056,100
angry,angry_03.png,thukuna/angry/angry_03.png,1254,1254,True,"[184, 66, 1079, 1166]",895,1100,631.0,615.5,1165,184,1078,66
angry,angry_04.png,thukuna/angry/angry_04.png,1254,1254,True,"[148, 30, 1122, 1192]",974,1162,634.5,610.5,1191,148,1121,30
angry,angry_05.png,thukuna/angry/angry_05.png,1254,1254,True,"[64, 24, 1191, 1198]",1127,1174,627.0,610.5,1197,64,1190,24
angry,angry_06.png,thukuna/angry/angry_06.png,1254,1254,True,"[187, 47, 1073, 1201]",886,1154,629.5,623.5,1200,187,1072,47
rage,rage_01.png,thukuna/rage/rage_01.png,1254,1254,True,"[49, 28, 1203, 1193]",1154,1165,625.5,610.0,1192,49,1202,28
rage,rage_02.png,thukuna/rage/rage_02.png,1254,1254,True,"[35, 27, 1220, 1198]",1185,1171,627.0,612.0,1197,35,1219,27
rage,rage_03.png,thukuna/rage/rage_03.png,1254,1254,True,"[31, 23, 1220, 1199]",1189,1176,625.0,610.5,1198,31,1219,23
rage,rage_04.png,thukuna/rage/rage_04.png,1254,1254,True,"[12, 13, 1235, 1224]",1223,1211,623.0,618.0,1223,12,1234,13
rage,rage_05.png,thukuna/rage/rage_05.png,1254,1254,True,"[10, 9, 1239, 1233]",1229,1224,624.0,620.5,1232,10,1238,9
rage,rage_06.png,thukuna/rage/rage_06.png,1254,1254,True,"[4, 8, 1235, 1231]",1231,1223,619.0,619.0,1230,4,1234,8
rage,rage_07.png,thukuna/rage/rage_07.png,1254,1254,True,"[27, 12, 1202, 1225]",1175,1213,614.0,618.0,1224,27,1201,12
rage,rage_08.png,thukuna/rage/rage_08.png,1254,1254,True,"[189, 36, 1086, 1210]",897,1174,637.0,622.5,1209,189,1085,36
rage,rage_09.png,thukuna/rage/rage_09.png,1254,1254,True,"[250, 54, 1033, 1188]",783,1134,641.0,620.5,1187,250,1032,54
fall_over,fall_over_01.png,thukuna/fall_over/fall_over_01.png,1254,1254,True,"[121, 44, 1165, 1181]",1044,1137,642.5,612.0,1180,121,1164,44
fall_over,fall_over_02.png,thukuna/fall_over/fall_over_02.png,1254,1254,True,"[103, 46, 1193, 1189]",1090,1143,647.5,617.0,1188,103,1192,46
fall_over,fall_over_03.png,thukuna/fall_over/fall_over_03.png,1254,1254,True,"[104, 64, 1193, 1159]",1089,1095,648.0,611.0,1158,104,1192,64
fall_over,fall_over_04.png,thukuna/fall_over/fall_over_04.png,1254,1254,True,"[14, 253, 1235, 1041]",1221,788,624.0,646.5,1040,14,1234,253
fall_over,fall_over_05.png,thukuna/fall_over/fall_over_05.png,1254,1254,True,"[21, 382, 1237, 1053]",1216,671,628.5,717.0,1052,21,1236,382
fall_over,fall_over_06.png,thukuna/fall_over/fall_over_06.png,1254,1254,True,"[135, 58, 1200, 1141]",1065,1083,667.0,599.0,1140,135,1199,58
domain,domain_01.png,thukuna/domain/domain_01.png,1254,1254,True,"[244, 62, 1031, 1189]",787,1127,637.0,625.0,1188,244,1030,62
domain,domain_02.png,thukuna/domain/domain_02.png,1254,1254,True,"[240, 71, 1037, 1195]",797,1124,638.0,632.5,1194,240,1036,71
domain,domain_03.png,thukuna/domain/domain_03.png,1254,1254,True,"[189, 72, 1078, 1208]",889,1136,633.0,639.5,1207,189,1077,72
domain,domain_04.png,thukuna/domain/domain_04.png,1254,1254,True,"[130, 46, 1139, 1201]",1009,1155,634.0,623.0,1200,130,1138,46
domain,domain_05.png,thukuna/domain/domain_05.png,1254,1254,True,"[131, 6, 1140, 1203]",1009,1197,635.0,604.0,1202,131,1139,6
domain,domain_06.png,thukuna/domain/domain_06.png,1254,1254,True,"[145, 15, 1131, 1201]",986,1186,637.5,607.5,1200,145,1130,15
domain,domain_07.png,thukuna/domain/domain_07.png,1254,1254,True,"[98, 7, 1182, 1207]",1084,1200,639.5,606.5,1206,98,1181,7
domain,domain_08.png,thukuna/domain/domain_08.png,1254,1254,True,"[113, 0, 1166, 1235]",1053,1235,639.0,617.0,1234,113,1165,0
domain,domain_09.png,thukuna/domain/domain_09.png,1254,1254,True,"[12, 12, 1247, 1230]",1235,1218,629.0,620.5,1229,12,1246,12
domain,domain_10.png,thukuna/domain/domain_10.png,1254,1254,True,"[8, 11, 1247, 1229]",1239,1218,627.0,619.5,1228,8,1246,11
domain,domain_11.png,thukuna/domain/domain_11.png,1254,1254,True,"[8, 13, 1246, 1228]",1238,1215,626.5,620.0,1227,8,1245,13
domain,domain_12.png,thukuna/domain/domain_12.png,1254,1254,True,"[4, 9, 1249, 1239]",1245,1230,626.0,623.5,1238,4,1248,9
domain,domain_13.png,thukuna/domain/domain_13.png,1254,1254,True,"[9, 8, 1248, 1243]",1239,1235,628.0,625.0,1242,9,1247,8
domain,domain_14.png,thukuna/domain/domain_14.png,1254,1254,True,"[0, 0, 1246, 1252]",1246,1252,622.5,625.5,1251,0,1245,0
domain,domain_15.png,thukuna/domain/domain_15.png,1254,1254,True,"[0, 1, 1246, 1250]",1246,1249,622.5,625.0,1249,0,1245,1
domain,domain_16.png,thukuna/domain/domain_16.png,1254,1254,True,"[76, 31, 1178, 1211]",1102,1180,626.5,620.5,1210,76,1177,31
domain,domain_17.png,thukuna/domain/domain_17.png,1254,1254,True,"[171, 110, 1106, 1141]",935,1031,638.0,625.0,1140,171,1105,110
domain,domain_18.png,thukuna/domain/domain_18.png,1254,1254,True,"[189, 84, 1049, 1161]",860,1077,618.5,622.0,1160,189,1048,84
domain,domain_19.png,thukuna/domain/domain_19.png,1254,1254,True,"[187, 51, 1077, 1180]",890,1129,631.5,615.0,1179,187,1076,51
domain,domain_20.png,thukuna/domain/domain_20.png,1254,1254,True,"[33, 21, 1199, 1230]",1166,1209,615.5,625.0,1229,33,1198,21
